Configuration,Correctness,Relevance,Faithfulness,Completeness
Baseline,4.8,4.833333333333333,4.2,4.666666666666667
+Rewrite,4.966666666666667,4.933333333333334,4.366666666666666,4.933333333333334
+Web,4.733333333333333,4.866666666666666,4.2,4.733333333333333
