Configuration,Precision@K,Hit Rate,MRR
Baseline,0.8083333333333333,0.9333333333333333,0.9083333333333333
+Rewrite,0.8,0.8666666666666667,0.825
+Web,0.8083333333333333,0.9333333333333333,0.9083333333333333
