Configuration,Correctness,Relevance,Faithfulness,Completeness
Baseline,4.9,5.0,4.6,4.9
+Rewrite,4.9,5.0,4.733333333333333,4.866666666666666
+Web,4.933333333333334,5.0,4.666666666666667,4.933333333333334
